general_iteration,Mutation,Score,pisa,bach,firedock,irad,totalbmfbluues,bmf,bluues,zrank,Sequence,file_name,number_iteration,set_iteration
1,LB4G,Rejected,-0.23015384615384615,-6.559153846153846,-27.40230769230769,-108.33553846153846,-37.22180769230769,-25.61023076923077,-199.2658076923077,-46.03215384615385,NFTGKFWDIFRK,score_iterations_1_1.txt,1,1
2,FB10I,Accepted,-0.3101153846153846,-5.438923076923077,-51.29153846153846,-151.38253846153847,-52.3,-30.724846153846155,-285.5439230769231,-85.45153846153846,NFTLKFWDIIRK,score_iterations_2_1.txt,2,1
3,IB10P,Rejected,-0.19865384615384615,-2.784307692307692,-24.209615384615386,-97.82173076923077,-39.98080769230769,-17.734884615384615,-224.36392307692307,-51.89419230769231,NFTLKFWDIPRK,score_iterations_3_1.txt,3,1
4,TB3C,Rejected,-0.3024230769230769,-4.710615384615385,-46.17923076923077,-145.06307692307692,-48.62953846153846,-28.810884615384616,-265.2484615384615,-79.43919230769231,NFCLKFWDIIRK,score_iterations_4_1.txt,4,1
5,FB6M,Rejected,-0.24461538461538462,-5.254307692307692,-49.839999999999996,-145.35580769230768,-43.12238461538462,-32.895923076923076,-227.44576923076923,-76.28723076923077,NFTLKMWDIIRK,score_iterations_5_1.txt,5,1
6,IB10M,Rejected,-0.27284615384615385,-6.492076923076923,-36.08461538461538,-163.92873076923078,-44.18303846153846,-33.37007692307692,-233.3938076923077,-83.41942307692308,NFTLKFWDIMRK,score_iterations_6_1.txt,6,1
7,LB4I,Rejected,-0.26119230769230767,-5.075115384615384,-38.92230769230769,-131.9275769230769,-41.85203846153846,-28.470846153846153,-224.39665384615384,-63.169,NFTIKFWDIIRK,score_iterations_7_1.txt,7,1
8,LB4P,Rejected,-0.19976923076923078,-4.854423076923077,-38.01692307692308,-108.26788461538462,-37.52523076923077,-25.155192307692307,-201.59192307692308,-54.22565384615385,NFTPKFWDIIRK,score_iterations_8_1.txt,8,1
9,LB4A,Accepted,-0.33103846153846156,-6.4505,-55.81038461538461,-143.3323076923077,-48.88826923076923,-32.57792307692308,-262.8403846153846,-79.00923076923077,NFTAKFWDIIRK,score_iterations_9_1.txt,9,1
10,TB3V,Rejected,-0.3052692307692308,-6.159,-53.81846153846154,-146.9713846153846,-52.24530769230769,-31.01153846153846,-284.9085,-82.14992307692307,NFVAKFWDIIRK,score_iterations_10_1.txt,10,1
11,FB6W,Rejected,-0.26269230769230767,-4.7211923076923075,-48.675384615384615,-139.06184615384615,-53.51292307692308,-27.087038461538462,-296.76238461538463,-79.6285,NFTAKWWDIIRK,score_iterations_11_1.txt,11,1
12,IB10Q,Rejected,-0.20115384615384616,-0.6186153846153847,-20.74576923076923,-109.00634615384615,-47.300615384615384,-18.42126923076923,-268.1464230769231,-64.47107692307692,NFTAKFWDIQRK,score_iterations_12_1.txt,12,1
13,FB2Y,Rejected,-0.34192307692307694,-5.598307692307692,-55.440769230769234,-139.83776923076923,-52.2935,-32.08576923076923,-284.0669230769231,-78.3396923076923,NYTAKFWDIIRK,score_iterations_13_1.txt,13,1
14,NB1W,Accepted,-0.34473076923076923,-5.633346153846154,-57.06,-153.10584615384616,-53.14842307692308,-34.683115384615384,-286.5201923076923,-86.10530769230769,WFTAKFWDIIRK,score_iterations_14_1.txt,14,1
15,FB2Y,Rejected,-0.32819230769230767,-5.450038461538462,-54.00423076923077,-144.59842307692307,-47.828538461538464,-33.404346153846156,-255.52434615384615,-78.14419230769231,WYTAKFWDIIRK,score_iterations_15_1.txt,15,1
16,WB7Y,Rejected,-0.298,-5.431538461538461,-47.07038461538462,-129.58173076923077,-48.08442307692307,-30.63380769230769,-260.0073076923077,-67.94611538461538,WFTAKFYDIIRK,score_iterations_16_1.txt,16,1
17,IB9N,Rejected,-0.31446153846153846,-4.5273076923076925,-40.924615384615386,-132.04265384615385,-49.59673076923077,-27.449884615384615,-272.5675,-75.2485,WFTAKFWDNIRK,score_iterations_17_1.txt,17,1
18,IB9C,Accepted,-0.36023076923076924,-6.013884615384615,-52.965384615384615,-156.95996153846153,-50.16911538461538,-35.57188461538462,-267.46638461538464,-86.0503076923077,WFTAKFWDCIRK,score_iterations_18_1.txt,18,1
19,FB6P,Rejected,-0.3006153846153846,-3.394230769230769,-45.615,-136.4006923076923,-48.49134615384615,-26.5165,-266.8328846153846,-80.84757692307693,WFTAKPWDCIRK,score_iterations_19_1.txt,19,1
20,KB12R,Rejected,-0.36923076923076925,-6.317230769230769,-51.26615384615385,-153.869,-53.40623076923077,-35.6795,-287.0353846153846,-84.34338461538462,WFTAKFWDCIRR,score_iterations_20_1.txt,20,1
21,FB6Y,Rejected,-0.3498846153846154,-4.403615384615384,-49.68038461538461,-145.42403846153846,-48.2655,-30.899384615384616,-260.8281153846154,-82.89507692307693,WFTAKYWDCIRK,score_iterations_21_1.txt,21,1
22,FB2L,Rejected,-0.3785769230769231,-5.528846153846154,-51.05692307692308,-156.60603846153845,-52.92792307692308,-34.913,-284.9363846153846,-87.51607692307692,WLTAKFWDCIRK,score_iterations_22_1.txt,22,1
23,FB2T,Rejected,-0.34757692307692306,-5.976192307692307,-52.94,-156.12596153846152,-50.40542307692308,-36.27973076923077,-268.1547692307692,-86.61219230769231,WTTAKFWDCIRK,score_iterations_23_1.txt,23,1
24,TB3A,Accepted,-0.3475,-6.9731538461538465,-56.17,-166.3193076923077,-54.08146153846154,-37.39484615384615,-289.3291538461539,-93.2665,WFAAKFWDCIRK,score_iterations_24_1.txt,24,1
25,CB9M,Accepted,-0.37861538461538463,-5.540115384615385,-49.41653846153846,-158.8585,-52.35338461538461,-33.76088461538462,-282.6612692307692,-86.19876923076923,WFTAKFWDMIRK,score_iterations_25_1.txt,25,1
26,MB9L,Rejected,-0.3629230769230769,-6.106461538461539,-55.14961538461539,-147.725,-51.482615384615386,-33.47953846153846,-277.66353846153845,-83.34111538461538,WFTAKFWDLIRK,score_iterations_26_1.txt,26,1
27,IB10S,Rejected,-0.3079230769230769,-4.380576923076923,-24.025384615384617,-141.92776923076923,-51.37673076923077,-26.205192307692307,-284.7061153846154,-71.26926923076923,WFTAKFWDMSRK,score_iterations_27_1.txt,27,1
28,AB4N,Rejected,-0.36896153846153845,-8.072538461538462,-42.481153846153845,-163.6558076923077,-52.27457692307692,-30.254115384615385,-285.8874230769231,-84.94892307692308,WFTNKFWDMIRK,score_iterations_28_1.txt,28,1
29,WB1I,Rejected,-0.22253846153846155,-4.148576923076923,-27.67923076923077,-114.28796153846153,-35.454115384615385,-24.808423076923077,-189.36423076923077,-55.31680769230769,IFTAKFWDMIRK,score_iterations_29_1.txt,29,1
30,FB6T,Rejected,-0.2938846153846154,-4.143230769230769,-41.60153846153846,-127.76557692307692,-51.157576923076924,-26.864115384615385,-282.6773846153846,-73.19107692307692,WFTAKTWDMIRK,score_iterations_30_1.txt,30,1
31,FB6L,Rejected,-0.30253846153846153,-3.968576923076923,-47.82769230769231,-136.55215384615386,-48.79415384615385,-26.648115384615384,-268.534,-76.9855,WFTAKLWDMIRK,score_iterations_31_1.txt,31,1
32,FB2G,Accepted,-0.1463846153846154,-6.552769230769231,-30.684615384615384,-117.73434615384616,-27.945038461538463,-25.28826923076923,-143.19892307692308,-47.033,NGTLKFWDIFRK,score_iterations_1_2.txt,1,2
33,FB2Y,Accepted,-0.23257692307692307,-7.686076923076923,-35.09576923076923,-127.63888461538461,-32.41215384615385,-27.013615384615385,-168.53788461538463,-57.30992307692308,NYTLKFWDIFRK,score_iterations_2_2.txt,2,2
34,KB5R,Accepted,-0.2775,-8.80926923076923,-32.70076923076923,-132.7065,-44.67,-27.340576923076924,-242.72565384615385,-62.07961538461539,NYTLRFWDIFRK,score_iterations_3_2.txt,3,2
35,TB3I,Rejected,-0.24980769230769231,-7.427153846153846,-30.43423076923077,-128.65684615384615,-42.81996153846154,-24.761384615384614,-234.20284615384614,-57.93915384615384,NYILRFWDIFRK,score_iterations_4_2.txt,4,2
36,YB2M,Rejected,-0.3015769230769231,-6.567153846153846,-32.07230769230769,-125.34719230769231,-41.79761538461538,-28.005923076923075,-224.55753846153846,-58.16007692307692,NMTLRFWDIFRK,score_iterations_5_2.txt,5,2
37,NB1H,Rejected,-0.3040769230769231,-8.111576923076923,-26.815,-135.8585,-48.37615384615385,-23.62846153846154,-269.1840384615385,-60.20530769230769,HYTLRFWDIFRK,score_iterations_6_2.txt,6,2
38,NB1M,Accepted,-0.31723076923076926,-7.217807692307693,-37.17269230769231,-143.5973846153846,-50.695846153846155,-29.75376923076923,-276.81592307692307,-66.923,MYTLRFWDIFRK,score_iterations_7_2.txt,7,2
39,WB7G,Rejected,-0.29457692307692307,-1.902,-26.354615384615386,-118.55588461538461,-48.404923076923076,-20.00796153846154,-273.1845,-63.36861538461538,MYTLRFGDIFRK,score_iterations_8_2.txt,8,2
40,TB3Q,Accepted,-0.3628461538461539,-8.281384615384615,-47.284615384615385,-158.09088461538462,-52.03146153846154,-33.557730769230766,-280.91803846153846,-72.54342307692308,MYQLRFWDIFRK,score_iterations_9_2.txt,9,2
41,MB1G,Rejected,-0.30915384615384617,-8.62653846153846,-43.09923076923077,-155.86492307692308,-52.05888461538461,-32.01896153846154,-282.7106923076923,-72.52092307692308,GYQLRFWDIFRK,score_iterations_10_2.txt,10,2
42,MB1Y,Accepted,-0.32046153846153846,-9.587961538461538,-44.98423076923077,-175.71726923076923,-53.89438461538462,-34.54423076923077,-291.2035769230769,-81.93642307692308,YYQLRFWDIFRK,score_iterations_11_2.txt,11,2
43,IB9G,Rejected,-0.26326923076923076,-7.489769230769231,-31.791153846153847,-165.93642307692306,-51.647807692307694,-28.386576923076923,-284.04907692307694,-77.16561538461538,YYQLRFWDGFRK,score_iterations_12_2.txt,12,2
44,LB4M,Rejected,-0.2896923076923077,-7.6761923076923075,-41.878846153846155,-157.72596153846155,-48.861576923076925,-35.577576923076926,-259.5095,-70.40861538461539,YYQMRFWDIFRK,score_iterations_13_2.txt,13,2
45,FB6T,Rejected,-0.2642307692307692,-6.789884615384615,-39.59615384615385,-142.23992307692308,-48.056230769230766,-29.331692307692308,-261.21203846153844,-69.62657692307693,YYQLRTWDIFRK,score_iterations_14_2.txt,14,2
46,FB6S,Rejected,-0.27757692307692305,-6.535,-41.424615384615386,-140.85473076923077,-49.67476923076923,-28.362615384615385,-272.0776923076923,-68.98773076923077,YYQLRSWDIFRK,score_iterations_15_2.txt,15,2
47,LB4A,Rejected,-0.31253846153846154,-7.55373076923077,-42.645,-152.63084615384616,-47.32726923076923,-35.02496153846154,-250.7636923076923,-70.27811538461539,YYQARFWDIFRK,score_iterations_16_2.txt,16,2
48,YB1Q,Rejected,-0.29823076923076924,-7.3476923076923075,-37.925769230769234,-152.40488461538462,-49.39584615384616,-30.804153846153845,-267.80123076923076,-68.70838461538462,QYQLRFWDIFRK,score_iterations_17_2.txt,17,2
49,LB4T,Rejected,-0.3109230769230769,-8.287615384615384,-41.60961538461538,-165.19626923076922,-53.114961538461536,-32.56207692307692,-288.5589615384615,-76.74192307692307,YYQTRFWDIFRK,score_iterations_18_2.txt,18,2
50,DB8E,Rejected,-0.32411538461538464,-8.313076923076924,-43.30461538461539,-170.9458846153846,-51.461423076923076,-32.19742307692307,-278.8893846153846,-80.14984615384616,YYQLRFWEIFRK,score_iterations_19_2.txt,19,2
51,FB6C,Rejected,-0.27226923076923076,-6.858769230769231,-38.676923076923075,-144.87926923076924,-48.48515384615384,-28.264307692307693,-264.9484615384615,-69.95746153846154,YYQLRCWDIFRK,score_iterations_20_2.txt,20,2
52,IB9F,Rejected,-0.2875384615384615,-6.053038461538462,-29.868076923076924,-153.9428076923077,-45.17130769230769,-31.55196153846154,-241.3245,-69.07407692307692,YYQLRFWDFFRK,score_iterations_21_2.txt,21,2
53,WB7Y,Rejected,-0.30465384615384616,-7.430153846153846,-38.425769230769234,-163.14307692307693,-48.825884615384616,-31.041653846153846,-264.0854615384615,-76.13073076923077,YYQLRFYDIFRK,score_iterations_22_2.txt,22,2
54,LB4G,Rejected,-0.25853846153846155,-7.284346153846154,-33.050384615384615,-131.85407692307692,-44.24807692307692,-31.533153846153848,-235.73096153846154,-56.73369230769231,YYQGRFWDIFRK,score_iterations_23_2.txt,23,2
55,QB3M,Rejected,-0.2943076923076923,-5.702538461538461,-34.566538461538464,-145.2203076923077,-48.31773076923077,-32.629384615384616,-259.31803846153844,-67.94953846153847,YYMLRFWDIFRK,score_iterations_24_2.txt,24,2
56,QB3L,Rejected,-0.3145769230769231,-8.384384615384615,-45.04423076923077,-169.5435,-53.59211538461538,-33.46853846153846,-290.5015384615385,-80.12773076923077,YYLLRFWDIFRK,score_iterations_25_2.txt,25,2
57,FB6P,Rejected,-0.2910384615384615,-6.701615384615384,-42.91307692307692,-144.0665,-47.89619230769231,-29.385153846153848,-260.1831153846154,-71.16753846153846,YYQLRPWDIFRK,score_iterations_26_2.txt,26,2
58,FB6I,Rejected,-0.28026923076923077,-4.5333461538461535,-33.768846153846155,-126.352,-47.15046153846154,-24.875,-260.4141923076923,-64.3828076923077,YYQLRIWDIFRK,score_iterations_27_2.txt,27,2
59,QB3S,Rejected,-0.33207692307692305,-8.691576923076923,-45.97846153846154,-173.03346153846155,-55.40461538461538,-34.295,-300.6497692307692,-80.68553846153846,YYSLRFWDIFRK,score_iterations_28_2.txt,28,2
60,FB10C,Rejected,-0.31173076923076926,-7.625576923076923,-34.213846153846156,-140.21926923076924,-52.04573076923077,-30.539423076923075,-284.1947307692308,-69.89307692307692,YYQLRFWDICRK,score_iterations_29_2.txt,29,2
61,YB2V,Rejected,-0.30165384615384616,-7.165461538461539,-42.557307692307695,-148.39280769230768,-50.28138461538462,-31.979884615384616,-271.9447692307692,-67.86273076923077,YVQLRFWDIFRK,score_iterations_30_2.txt,30,2
62,LB4P,Rejected,-0.29373076923076924,-8.1835,-43.51615384615385,-156.9508076923077,-49.34530769230769,-32.96126923076923,-265.2155769230769,-71.47384615384615,YYQPRFWDIFRK,score_iterations_31_2.txt,31,2
63,DB8E,Rejected,-0.2988461538461539,-7.3547692307692305,-35.18038461538462,-150.54442307692307,-51.58857692307692,-27.425115384615385,-284.7051923076923,-72.57692307692308,YYQLRFWEIFRK,score_iterations_32_2.txt,32,2
64,QB3A,Rejected,-0.32419230769230767,-8.821807692307692,-46.92115384615384,-167.9658076923077,-54.50926923076923,-34.332,-295.1661153846154,-79.89219230769231,YYALRFWDIFRK,score_iterations_33_2.txt,33,2
65,LB4H,Rejected,-0.2813076923076923,-9.044807692307693,-38.825,-163.82042307692308,-51.998576923076925,-32.11146153846154,-282.24607692307694,-76.11180769230769,YYQHRFWDIFRK,score_iterations_34_2.txt,34,2
66,QB3F,Rejected,-0.29684615384615387,-8.033384615384616,-42.08846153846154,-162.45007692307692,-49.836576923076926,-32.178961538461536,-269.0290769230769,-77.20246153846153,YYFLRFWDIFRK,score_iterations_35_2.txt,35,2
67,QB3W,Rejected,-0.3098461538461538,-9.185423076923078,-46.716923076923074,-164.5781153846154,-52.41053846153846,-34.27076923076923,-282.46930769230767,-77.34834615384615,YYWLRFWDIFRK,score_iterations_36_2.txt,36,2
68,FB6A,Rejected,-0.28507692307692306,-5.620461538461538,-35.70884615384615,-137.6186153846154,-51.705807692307694,-25.165153846153846,-287.80676923076925,-67.9491923076923,YYQLRAWDIFRK,score_iterations_37_2.txt,37,2
69,YB1M,Rejected,-0.34192307692307694,-7.472769230769231,-40.56269230769231,-159.29665384615384,-54.57846153846154,-32.09946153846154,-297.9461153846154,-75.311,MYQLRFWDIFRK,score_iterations_38_2.txt,38,2
70,YB2S,Rejected,-0.3068076923076923,-8.802153846153846,-38.795,-157.23492307692308,-45.06853846153846,-30.165653846153845,-242.1646153846154,-71.47288461538461,YSQLRFWDIFRK,score_iterations_39_2.txt,39,2
71,QB3N,Rejected,-0.32503846153846155,-8.096730769230769,-41.621923076923075,-157.45284615384617,-49.653576923076926,-31.36826923076923,-268.7729615384615,-76.4376923076923,YYNLRFWDIFRK,score_iterations_40_2.txt,40,2
72,FB10I,Rejected,-0.2298076923076923,-5.690038461538461,-33.575384615384614,-137.45234615384615,-47.245961538461536,-29.005153846153846,-256.6303461538462,-70.69057692307692,YYQLRFWDIIRK,score_iterations_41_2.txt,41,2
73,FB10L,Rejected,-0.24923076923076923,-5.6991538461538465,-37.57346153846154,-124.25880769230768,-47.10907692307692,-24.781653846153848,-260.2613076923077,-61.89126923076923,YYQLRFWDILRK,score_iterations_42_2.txt,42,2
74,YB1W,Rejected,-0.29788461538461536,-7.607,-36.70269230769231,-151.7016153846154,-54.67523076923077,-32.25484615384615,-298.36984615384614,-70.65673076923078,WYQLRFWDIFRK,score_iterations_43_2.txt,43,2
75,IB9Q,Rejected,-0.17057692307692307,-6.526423076923077,-22.377307692307692,-130.73673076923077,-45.010615384615384,-22.7505,-249.6475,-60.70738461538461,YYQLRFWDQFRK,score_iterations_44_2.txt,44,2
76,WB7I,Rejected,-0.2710769230769231,-5.830230769230769,-37.81230769230769,-133.7345,-47.398384615384614,-27.193384615384616,-259.4706538461538,-65.80765384615384,YYQLRFIDIFRK,score_iterations_45_2.txt,45,2
77,QB3C,Accepted,-0.32026923076923075,-8.285192307692308,-52.13846153846154,-177.91661538461537,-54.68153846153846,-35.02988461538462,-295.4765,-83.832,YYCLRFWDIFRK,score_iterations_46_2.txt,46,2
78,WB7P,Rejected,-0.30453846153846154,-6.765692307692308,-42.35730769230769,-146.32853846153847,-47.73911538461538,-29.90303846153846,-258.6802692307692,-70.51719230769231,YYCLRFPDIFRK,score_iterations_47_2.txt,47,2
79,YB2P,Rejected,-0.30138461538461536,-7.746269230769231,-37.23076923076923,-144.43246153846155,-45.46946153846154,-31.382653846153847,-243.3163846153846,-66.95742307692308,YPCLRFWDIFRK,score_iterations_48_2.txt,48,2
80,FB6W,Rejected,-0.3221153846153846,-5.6745,-41.19307692307692,-150.58426923076922,-47.45873076923077,-32.01196153846154,-254.74696153846153,-65.29873076923077,YYCLRWWDIFRK,score_iterations_49_2.txt,49,2
81,WB7L,Rejected,-0.33242307692307693,-7.445076923076923,-48.77307692307692,-159.28965384615384,-53.18269230769231,-32.498,-289.0377307692308,-76.43230769230769,YYCLRFLDIFRK,score_iterations_50_2.txt,50,2
82,LB4H,Rejected,-0.29703846153846153,-7.775423076923077,-43.200384615384614,-156.66426923076924,-44.64392307692307,-33.29696153846154,-236.27388461538462,-69.28738461538461,YYCHRFWDIFRK,score_iterations_51_2.txt,51,2
83,YB1H,Rejected,-0.312,-8.336192307692308,-43.348076923076924,-155.71492307692307,-47.867769230769234,-30.898576923076924,-258.41053846153847,-69.73588461538462,HYCLRFWDIFRK,score_iterations_52_2.txt,52,2
84,YB2C,Rejected,-0.318,-5.795653846153846,-39.778461538461535,-138.85888461538462,-45.044,-31.637999999999998,-240.45976923076924,-63.325,YCCLRFWDIFRK,score_iterations_53_2.txt,53,2
85,FB10W,Accepted,-0.3207307692307692,-8.370961538461538,-50.082692307692305,-176.8188076923077,-53.46176923076923,-33.645192307692305,-289.52284615384616,-86.24715384615385,YYCLRFWDIWRK,score_iterations_54_2.txt,54,2
86,YB1T,Rejected,-0.2543846153846154,-8.242230769230769,-42.31038461538461,-149.31442307692308,-46.12769230769231,-30.362384615384617,-248.3969230769231,-69.91561538461538,TYCLRFWDIWRK,score_iterations_55_2.txt,55,2
87,YB2V,Rejected,-0.2736153846153846,-5.780769230769231,-41.245769230769234,-147.6236153846154,-48.23930769230769,-32.02276923076923,-259.48088461538464,-69.87615384615384,YVCLRFWDIWRK,score_iterations_56_2.txt,56,2
88,WB10S,Rejected,-0.19923076923076924,-5.0135,-18.78153846153846,-91.56157692307693,-41.523576923076924,-17.697,-233.78403846153847,-42.44253846153846,YYCLRFWDISRK,score_iterations_57_2.txt,57,2
89,RB11K,Rejected,-0.32023076923076926,-7.057192307692308,-47.69307692307692,-168.4198076923077,-52.535923076923076,-32.65311538461538,-284.94134615384615,-81.44215384615384,YYCLRFWDIWKK,score_iterations_58_2.txt,58,2
90,YB1H,Rejected,-0.26076923076923075,-8.314846153846155,-36.12,-146.95234615384615,-38.436692307692304,-28.89073076923077,-203.18596153846153,-64.892,HYCLRFWDIWRK,score_iterations_59_2.txt,59,2
91,DB8E,Rejected,-0.28157692307692306,-6.003076923076923,-38.533846153846156,-133.91626923076922,-43.71811538461539,-29.45126923076923,-234.7076153846154,-56.779384615384615,YYCLRFWEIWRK,score_iterations_60_2.txt,60,2
92,CB3P,Rejected,-0.2783076923076923,-7.742615384615385,-42.71807692307692,-155.33061538461538,-42.38903846153846,-34.60157692307692,-221.18376923076923,-67.21892307692308,YYPLRFWDIWRK,score_iterations_61_2.txt,61,2
93,CB3F,Rejected,-0.2577307692307692,-7.583923076923077,-44.32692307692308,-170.59234615384617,-53.386,-32.98238461538462,-289.76223076923077,-80.59969230769231,YYFLRFWDIWRK,score_iterations_62_2.txt,62,2
94,IB9Y,Rejected,-0.2296153846153846,-6.781192307692308,-29.013076923076923,-124.55219230769231,-34.99153846153846,-27.537423076923076,-183.66826923076923,-52.29838461538461,NFTLKFWDYFRK,score_iterations_1_3.txt,1,3
95,TB3W,Rejected,-0.24884615384615386,-7.041769230769231,-34.41538461538462,-120.09807692307692,-38.790076923076924,-30.781576923076923,-203.33703846153847,-50.15692307692308,NFWLKFWDIFRK,score_iterations_2_3.txt,2,3
96,IB9W,Rejected,-0.2975,-7.184346153846154,-28.60076923076923,-128.02953846153846,-43.13980769230769,-28.868346153846154,-231.80742307692307,-53.15626923076923,NFTLKFWDWFRK,score_iterations_3_3.txt,3,3
97,NB1W,Rejected,-0.2748846153846154,-6.250115384615385,-36.66,-127.66088461538462,-38.9205,-31.3665,-203.51257692307692,-57.7005,WFTLKFWDIFRK,score_iterations_4_3.txt,4,3
98,WB7N,Rejected,-0.24142307692307693,-6.1295769230769235,-27.165,-111.648,-45.562615384615384,-23.026807692307692,-252.71211538461537,-47.57803846153846,NFTLKFNDIFRK,score_iterations_5_3.txt,5,3
99,TB3L,Rejected,-0.27165384615384613,-6.162846153846154,-35.73538461538462,-131.61142307692307,-46.95726923076923,-28.100923076923078,-255.8308076923077,-61.74273076923077,NFLLKFWDIFRK,score_iterations_6_3.txt,6,3
100,WB7A,Rejected,-0.22303846153846155,-6.758038461538462,-34.29730769230769,-123.10611538461538,-39.04088461538461,-29.317423076923077,-206.40980769230768,-57.394807692307694,NFTLKFADIFRK,score_iterations_7_3.txt,7,3
101,FB2S,Rejected,-0.24003846153846153,-7.131384615384615,-33.42846153846154,-114.54388461538461,-40.842653846153844,-28.203038461538462,-218.54288461538462,-47.376961538461536,NSTLKFWDIFRK,score_iterations_8_3.txt,8,3
102,NB1H,Accepted,-0.29073076923076924,-8.738846153846154,-32.88923076923077,-135.35711538461538,-47.423115384615386,-33.50746153846154,-252.95038461538462,-58.04107692307692,HFTLKFWDIFRK,score_iterations_9_3.txt,9,3
103,FB10M,Rejected,-0.2647307692307692,-6.601653846153846,-27.36769230769231,-121.24857692307693,-47.81469230769231,-29.10603846153846,-259.98146153846153,-55.06873076923077,HFTLKFWDIMRK,score_iterations_10_3.txt,10,3
104,NB1H,Rejected,-0.25046153846153846,-6.485192307692308,-33.451153846153844,-117.88296153846154,-38.48219230769231,-29.168615384615386,-203.16953846153845,-52.73234615384615,HFTLKFWDIFRK,score_iterations_1_4.txt,1,4
105,FB10M,Accepted,-0.25034615384615383,-4.870346153846154,-28.732692307692307,-132.17053846153846,-42.858961538461536,-29.161846153846152,-229.78938461538462,-66.90176923076923,NFTLKFWDIMRK,score_iterations_2_4.txt,2,4
106,TB3L,Rejected,-0.18838461538461537,-3.5828846153846152,-25.100384615384616,-129.7366923076923,-41.25569230769231,-25.90353846153846,-223.48392307692308,-64.21634615384615,NFLLKFWDIMRK,score_iterations_3_4.txt,3,4
107,IB9L,Rejected,-0.2589230769230769,-3.996423076923077,-23.592307692307692,-115.81661538461539,-45.09696153846154,-27.466615384615384,-245.18965384615385,-55.08873076923077,NFTLKFWDLMRK,score_iterations_4_4.txt,4,4
108,FB2Y,Rejected,-0.22357692307692306,-5.65473076923077,-26.70846153846154,-132.6826153846154,-40.762,-28.705384615384617,-217.5218846153846,-63.386923076923075,NYTLKFWDIMRK,score_iterations_5_4.txt,5,4
109,LB4W,Accepted,-0.2893076923076923,-5.698,-33.09576923076923,-168.3541153846154,-44.640115384615385,-33.302115384615384,-236.24588461538463,-81.7355,NFTWKFWDIMRK,score_iterations_6_4.txt,6,4
110,WB7I,Rejected,-0.2489230769230769,-4.514615384615385,-25.161153846153844,-141.23742307692308,-41.85588461538462,-23.13919230769231,-230.05476923076924,-70.31519230769231,NFTWKFIDIMRK,score_iterations_7_4.txt,7,4
111,FB6H,Rejected,-0.17665384615384616,-5.271461538461539,-31.01923076923077,-167.97073076923078,-48.727384615384615,-26.50773076923077,-268.2773076923077,-85.84438461538461,NFTWKHWDIMRK,score_iterations_8_4.txt,8,4
112,TB3H,Rejected,-0.2473846153846154,-4.922692307692308,-32.478846153846156,-167.12834615384617,-46.16888461538461,-32.14053846153846,-246.76915384615384,-81.82665384615385,NFHWKFWDIMRK,score_iterations_9_4.txt,9,4
113,TB3W,Accepted,-0.26084615384615384,-5.761576923076923,-31.022692307692306,-187.74226923076924,-49.08476923076923,-29.785846153846155,-266.9868076923077,-92.76638461538461,NFWWKFWDIMRK,score_iterations_10_4.txt,10,4
114,WB4V,Rejected,-0.28423076923076923,-3.9975384615384617,-38.76076923076923,-140.27211538461538,-49.685538461538464,-29.984807692307694,-270.4292307692308,-72.58211538461539,NFTVKFWDIMRK,score_iterations_11_4.txt,11,4
115,WB4C,Accepted,-0.2902692307692308,-6.844346153846154,-37.184230769230766,-145.70292307692307,-47.540807692307695,-33.68623076923077,-253.47703846153846,-70.13942307692308,NFTCKFWDIMRK,score_iterations_12_4.txt,12,4
116,CB4V,Rejected,-0.22303846153846155,-3.9649615384615386,-26.698076923076922,-125.18792307692308,-45.35738461538462,-25.992538461538462,-248.33023076923078,-62.748384615384616,NFTVKFWDIMRK,score_iterations_13_4.txt,13,4
117,RB11K,Rejected,-0.22092307692307692,-1.990423076923077,-14.711538461538462,-107.2005,-38.12992307692308,-21.400153846153845,-209.23584615384615,-53.5115,NFTCKFWDIMKK,score_iterations_14_4.txt,14,4
118,TB3A,Rejected,-0.2358846153846154,-5.022307692307693,-22.497692307692308,-135.60276923076924,-41.66530769230769,-26.146076923076922,-225.71842307692307,-64.9758076923077,NFACKFWDIMRK,score_iterations_15_4.txt,15,4
119,DB8E,Rejected,-0.2306153846153846,-5.789346153846154,-24.563076923076924,-110.66130769230769,-42.75207692307692,-29.140115384615385,-229.16307692307691,-51.23346153846154,NFTCKFWEIMRK,score_iterations_16_4.txt,16,4
120,FB2Y,Rejected,-0.24807692307692308,-4.588076923076923,-25.89807692307692,-127.06573076923077,-41.66003846153846,-28.062192307692307,-223.66142307692309,-58.61519230769231,NYTCKFWDIMRK,score_iterations_17_4.txt,17,4
